"ID","Predicted_Hired"
1,"1"
2,"1"
3,"1"
4,"0"
5,"0"
6,"0"
7,"0"
8,"1"
9,"0"
10,"0"
11,"0"
12,"0"
13,"0"
14,"1"
15,"0"
16,"0"
17,"1"
18,"0"
19,"0"
20,"1"
21,"1"
22,"0"
23,"1"
24,"0"
25,"0"
26,"0"
27,"1"
28,"0"
29,"1"
30,"1"
31,"1"
32,"1"
33,"0"
34,"0"
35,"0"
36,"0"
37,"1"
38,"0"
39,"0"
40,"0"
41,"0"
42,"1"
43,"0"
44,"0"
45,"1"
46,"0"
47,"0"
48,"0"
49,"1"
50,"0"
51,"1"
52,"1"
53,"0"
54,"0"
55,"0"
56,"1"
57,"0"
58,"1"
59,"0"
60,"0"
61,"1"
62,"0"
63,"0"
64,"1"
65,"0"
66,"0"
67,"1"
68,"0"
69,"0"
70,"0"
71,"0"
72,"0"
73,"0"
74,"1"
75,"1"
76,"1"
77,"1"
78,"0"
79,"0"
80,"0"
81,"0"
82,"0"
83,"0"
84,"0"
85,"0"
86,"0"
87,"0"
88,"1"
89,"0"
90,"0"
91,"0"
92,"0"
93,"0"
94,"1"
95,"0"
96,"0"
97,"1"
98,"0"
99,"0"
100,"0"
101,"0"
102,"1"
103,"1"
104,"1"
105,"0"
106,"0"
107,"0"
108,"1"
109,"0"
110,"0"
111,"0"
112,"1"
113,"1"
114,"0"
115,"1"
116,"0"
117,"0"
118,"0"
119,"0"
120,"0"
121,"0"
122,"0"
123,"0"
124,"0"
125,"0"
126,"0"
127,"0"
128,"0"
129,"0"
130,"0"
131,"1"
132,"0"
133,"0"
134,"1"
135,"0"
136,"0"
137,"0"
138,"1"
139,"1"
140,"0"
141,"0"
142,"0"
143,"1"
144,"0"
145,"0"
146,"1"
147,"0"
148,"0"
149,"0"
150,"1"
151,"0"
152,"0"
153,"0"
154,"0"
155,"0"
156,"0"
157,"0"
158,"0"
159,"1"
160,"0"
161,"0"
162,"0"
163,"0"
164,"1"
165,"1"
166,"1"
167,"0"
168,"1"
169,"1"
170,"0"
171,"1"
172,"0"
173,"1"
174,"0"
175,"0"
176,"0"
177,"0"
178,"0"
179,"0"
180,"1"
181,"0"
182,"0"
183,"1"
184,"1"
185,"0"
186,"0"
187,"0"
188,"0"
189,"0"
190,"0"
191,"0"
192,"0"
193,"1"
194,"0"
195,"0"
196,"0"
197,"1"
198,"0"
199,"1"
200,"1"
201,"1"
202,"1"
203,"0"
204,"0"
205,"1"
206,"1"
207,"0"
208,"0"
209,"0"
210,"0"
211,"1"
212,"0"
213,"1"
214,"1"
215,"1"
216,"1"
217,"0"
218,"0"
219,"0"
220,"0"
221,"1"
222,"0"
223,"0"
224,"0"
225,"1"
226,"0"
227,"0"
228,"1"
229,"0"
230,"0"
231,"1"
232,"1"
233,"0"
234,"1"
235,"0"
236,"0"
237,"0"
238,"0"
239,"0"
240,"1"
241,"0"
242,"1"
243,"0"
244,"1"
245,"0"
246,"0"
247,"0"
248,"0"
249,"1"
250,"0"
251,"1"
252,"0"
253,"0"
254,"1"
255,"0"
256,"0"
257,"0"
258,"0"
259,"0"
260,"1"
261,"1"
262,"1"
263,"0"
264,"0"
265,"1"
266,"1"
267,"0"
268,"0"
269,"0"
270,"0"
271,"0"
272,"0"
273,"0"
274,"0"
275,"0"
276,"0"
277,"0"
278,"0"
279,"0"
280,"0"
281,"0"
282,"0"
283,"0"
284,"1"
285,"0"
286,"1"
287,"0"
288,"0"
289,"0"
290,"1"
291,"0"
292,"0"
293,"0"
294,"0"
295,"1"
296,"0"
297,"0"
298,"0"
299,"0"
300,"1"
301,"1"
302,"1"
303,"0"
304,"1"
305,"0"
306,"0"
307,"1"
308,"1"
309,"1"
310,"0"
311,"0"
312,"0"
313,"0"
314,"0"
315,"1"
316,"0"
317,"0"
318,"1"
319,"1"
320,"1"
321,"1"
322,"0"
323,"0"
324,"1"
325,"0"
326,"0"
327,"1"
328,"1"
329,"1"
330,"0"
331,"1"
332,"0"
333,"0"
334,"0"
335,"1"
336,"0"
337,"1"
338,"0"
339,"1"
340,"0"
341,"1"
342,"0"
343,"1"
344,"0"
345,"1"
346,"0"
347,"0"
348,"0"
349,"0"
350,"0"
351,"0"
352,"0"
353,"0"
354,"1"
355,"0"
356,"1"
357,"0"
358,"0"
359,"0"
360,"1"
361,"1"
362,"0"
363,"1"
364,"0"
365,"0"
366,"0"
367,"0"
368,"1"
369,"1"
370,"1"
371,"0"
372,"1"
373,"0"
374,"0"
375,"1"
376,"1"
377,"0"
378,"0"
379,"0"
380,"0"
381,"0"
382,"0"
383,"0"
384,"0"
385,"0"
386,"0"
387,"0"
388,"1"
389,"1"
390,"1"
391,"1"
392,"0"
393,"1"
394,"0"
395,"0"
396,"0"
397,"1"
398,"0"
399,"0"
400,"0"
401,"0"
402,"0"
403,"0"
404,"1"
405,"0"
406,"1"
407,"0"
408,"1"
409,"1"
410,"1"
411,"1"
412,"0"
413,"0"
414,"0"
415,"0"
416,"1"
417,"1"
418,"0"
419,"0"
420,"1"
421,"0"
422,"0"
423,"0"
424,"0"
425,"1"
426,"0"
427,"0"
428,"0"
429,"0"
430,"0"
431,"0"
432,"0"
433,"1"
434,"0"
435,"0"
436,"0"
437,"1"
438,"0"
439,"0"
440,"0"
441,"0"
442,"1"
443,"0"
444,"0"
445,"0"
446,"1"
447,"1"
448,"0"
449,"0"
450,"0"
451,"1"
452,"0"
453,"0"
454,"0"
455,"0"
456,"0"
457,"0"
458,"0"
459,"0"
460,"1"
461,"0"
462,"0"
463,"0"
464,"0"
465,"1"
466,"1"
467,"0"
468,"0"
469,"0"
470,"0"
471,"1"
472,"1"
473,"0"
474,"0"
475,"0"
476,"0"
477,"1"
478,"0"
479,"0"
480,"0"
481,"1"
482,"1"
483,"0"
484,"0"
485,"1"
486,"0"
487,"1"
488,"1"
489,"0"
490,"0"
491,"0"
492,"0"
493,"0"
494,"0"
495,"0"
496,"0"
497,"0"
498,"0"
499,"1"
500,"0"
501,"0"
502,"0"
503,"1"
504,"1"
505,"1"
506,"0"
507,"0"
508,"0"
509,"1"
510,"0"
511,"0"
512,"1"
513,"0"
514,"0"
515,"1"
516,"0"
517,"1"
518,"1"
519,"1"
520,"0"
521,"1"
522,"0"
523,"0"
524,"0"
525,"0"
526,"1"
527,"1"
528,"0"
529,"0"
530,"0"
531,"0"
532,"0"
533,"1"
534,"0"
535,"0"
536,"0"
537,"1"
538,"1"
539,"0"
540,"1"
541,"0"
542,"0"
543,"0"
544,"0"
545,"0"
546,"0"
547,"0"
548,"1"
549,"1"
550,"0"
551,"0"
552,"0"
553,"0"
554,"0"
555,"1"
556,"0"
557,"0"
558,"0"
559,"0"
560,"1"
561,"0"
562,"0"
563,"0"
564,"0"
565,"0"
566,"1"
567,"0"
568,"0"
569,"0"
570,"0"
571,"0"
572,"0"
573,"0"
574,"0"
575,"0"
576,"0"
577,"0"
578,"0"
579,"0"
580,"0"
581,"0"
582,"0"
583,"0"
584,"0"
585,"0"
586,"0"
587,"0"
588,"1"
589,"0"
590,"1"
591,"0"
592,"1"
593,"0"
594,"1"
595,"1"
596,"0"
597,"0"
598,"0"
599,"0"
600,"0"
601,"0"
602,"1"
603,"1"
604,"1"
605,"1"
606,"1"
607,"0"
608,"0"
609,"0"
610,"0"
611,"1"
612,"1"
613,"0"
614,"1"
615,"1"
616,"0"
617,"0"
618,"0"
619,"0"
620,"1"
621,"0"
622,"1"
623,"0"
624,"1"
625,"1"
626,"0"
627,"0"
628,"1"
629,"0"
630,"1"
631,"0"
632,"0"
633,"1"
634,"0"
635,"0"
636,"0"
637,"0"
638,"0"
639,"0"
640,"1"
641,"0"
642,"0"
643,"0"
644,"1"
645,"0"
646,"0"
647,"1"
648,"0"
649,"0"
650,"0"
651,"0"
652,"0"
653,"1"
654,"1"
655,"0"
656,"1"
657,"1"
658,"1"
659,"0"
660,"0"
661,"0"
662,"1"
663,"1"
664,"0"
665,"0"
666,"1"
667,"0"
668,"0"
669,"0"
670,"1"
671,"0"
672,"0"
673,"0"
674,"0"
675,"0"
676,"0"
677,"0"
678,"0"
679,"0"
680,"0"
681,"0"
682,"0"
683,"0"
684,"0"
685,"1"
686,"0"
687,"0"
688,"1"
689,"0"
690,"0"
691,"1"
692,"0"
693,"0"
694,"1"
695,"0"
696,"0"
697,"0"
698,"0"
699,"0"
700,"0"
701,"0"
702,"1"
703,"0"
704,"1"
705,"0"
706,"1"
707,"1"
708,"0"
709,"1"
710,"0"
711,"0"
712,"1"
713,"1"
714,"0"
715,"1"
716,"1"
717,"0"
718,"0"
719,"1"
720,"0"
721,"1"
722,"1"
723,"0"
724,"0"
725,"0"
726,"0"
727,"0"
728,"0"
729,"0"
730,"0"
731,"1"
732,"1"
733,"0"
734,"0"
735,"0"
736,"0"
737,"1"
738,"0"
739,"0"
740,"0"
741,"0"
742,"0"
743,"0"
744,"0"
745,"1"
746,"1"
747,"0"
748,"1"
749,"0"
750,"0"
751,"0"
752,"0"
753,"1"
754,"0"
755,"0"
756,"1"
757,"0"
758,"1"
759,"0"
760,"0"
761,"0"
762,"1"
763,"0"
764,"0"
765,"0"
766,"0"
767,"0"
768,"0"
769,"0"
770,"1"
771,"0"
772,"0"
773,"0"
774,"0"
775,"0"
776,"0"
777,"1"
778,"0"
779,"1"
780,"0"
781,"1"
782,"0"
783,"0"
784,"1"
785,"1"
786,"0"
787,"0"
788,"1"
789,"0"
790,"0"
791,"0"
792,"0"
793,"0"
794,"0"
795,"1"
796,"0"
797,"0"
798,"0"
799,"0"
800,"0"
801,"0"
802,"0"
803,"0"
804,"0"
805,"0"
806,"0"
807,"0"
808,"0"
809,"0"
810,"0"
811,"1"
812,"0"
813,"1"
814,"0"
815,"0"
816,"0"
817,"0"
818,"1"
819,"0"
820,"0"
821,"0"
822,"0"
823,"0"
824,"0"
825,"0"
826,"1"
827,"0"
828,"0"
829,"0"
830,"0"
831,"0"
832,"1"
833,"1"
834,"0"
835,"0"
836,"0"
837,"1"
838,"0"
839,"0"
840,"0"
841,"0"
842,"1"
843,"1"
844,"0"
845,"0"
846,"1"
847,"0"
848,"1"
849,"0"
850,"0"
851,"1"
852,"0"
853,"0"
854,"0"
855,"0"
856,"0"
857,"1"
858,"0"
859,"0"
860,"0"
861,"0"
862,"0"
863,"1"
864,"0"
865,"1"
866,"1"
867,"0"
868,"1"
869,"0"
870,"0"
871,"0"
872,"1"
873,"1"
874,"0"
875,"0"
876,"0"
877,"0"
878,"0"
879,"0"
880,"0"
881,"0"
882,"0"
883,"0"
884,"0"
885,"0"
886,"1"
887,"0"
888,"0"
889,"0"
890,"0"
891,"1"
892,"0"
893,"1"
894,"0"
895,"1"
896,"0"
897,"0"
898,"0"
899,"1"
900,"0"
901,"0"
902,"0"
903,"1"
904,"0"
905,"0"
906,"0"
907,"1"
908,"0"
909,"1"
910,"0"
911,"1"
912,"0"
913,"1"
914,"0"
915,"0"
916,"0"
917,"1"
918,"0"
919,"0"
920,"0"
921,"0"
922,"1"
923,"0"
924,"1"
925,"0"
926,"0"
927,"1"
928,"0"
929,"1"
930,"1"
931,"0"
932,"0"
933,"0"
934,"1"
935,"1"
936,"0"
937,"0"
938,"0"
939,"0"
940,"0"
941,"1"
942,"0"
943,"1"
944,"0"
945,"0"
946,"1"
947,"0"
948,"1"
949,"0"
950,"0"
951,"0"
952,"0"
953,"0"
954,"0"
955,"1"
956,"1"
957,"1"
958,"0"
959,"0"
960,"0"
961,"1"
962,"0"
963,"0"
964,"0"
965,"0"
966,"1"
967,"1"
968,"0"
969,"0"
970,"0"
971,"0"
972,"0"
973,"0"
974,"1"
975,"1"
976,"1"
977,"0"
978,"0"
979,"1"
980,"0"
981,"1"
982,"0"
983,"1"
984,"0"
985,"0"
986,"0"
987,"0"
988,"1"
989,"0"
990,"1"
991,"0"
992,"0"
993,"1"
994,"0"
995,"0"
996,"0"
997,"0"
998,"1"
999,"1"
1000,"0"
1001,"0"
1002,"1"
1003,"0"
1004,"1"
1005,"0"
1006,"1"
1007,"0"
1008,"0"
1009,"0"
1010,"0"
1011,"0"
1012,"1"
1013,"1"
1014,"0"
1015,"0"
1016,"0"
1017,"0"
1018,"0"
1019,"0"
1020,"0"
1021,"0"
1022,"0"
1023,"1"
1024,"0"
1025,"0"
1026,"0"
1027,"0"
1028,"0"
1029,"1"
1030,"1"
1031,"0"
1032,"0"
1033,"0"
1034,"1"
1035,"1"
1036,"1"
1037,"0"
1038,"0"
1039,"1"
1040,"0"
1041,"1"
1042,"0"
1043,"0"
1044,"0"
1045,"0"
1046,"0"
1047,"0"
1048,"1"
1049,"0"
1050,"0"
1051,"1"
1052,"1"
1053,"0"
1054,"1"
1055,"1"
1056,"0"
1057,"0"
1058,"0"
1059,"0"
1060,"0"
1061,"0"
1062,"0"
1063,"0"
1064,"0"
1065,"0"
1066,"0"
1067,"0"
1068,"0"
1069,"0"
1070,"0"
1071,"0"
1072,"1"
1073,"0"
1074,"0"
1075,"0"
1076,"0"
1077,"0"
1078,"0"
1079,"0"
1080,"0"
1081,"0"
1082,"0"
1083,"0"
1084,"0"
1085,"0"
1086,"0"
1087,"0"
1088,"1"
1089,"0"
1090,"0"
1091,"1"
1092,"1"
1093,"0"
1094,"0"
1095,"0"
1096,"0"
1097,"1"
1098,"0"
1099,"0"
1100,"1"
1101,"1"
1102,"0"
1103,"0"
1104,"0"
1105,"1"
1106,"0"
1107,"1"
1108,"0"
1109,"0"
1110,"0"
1111,"1"
1112,"0"
1113,"1"
1114,"0"
1115,"0"
1116,"0"
1117,"0"
1118,"0"
1119,"1"
1120,"0"
1121,"0"
1122,"1"
1123,"1"
1124,"0"
1125,"0"
1126,"0"
1127,"0"
1128,"0"
1129,"1"
1130,"0"
1131,"0"
1132,"0"
1133,"0"
1134,"0"
1135,"1"
1136,"0"
1137,"0"
1138,"1"
1139,"0"
1140,"0"
1141,"0"
1142,"1"
1143,"0"
1144,"1"
1145,"0"
1146,"0"
1147,"0"
1148,"1"
1149,"0"
1150,"1"
1151,"0"
1152,"0"
1153,"0"
1154,"0"
1155,"0"
1156,"1"
1157,"0"
1158,"0"
1159,"0"
1160,"0"
1161,"1"
1162,"1"
1163,"1"
1164,"0"
1165,"0"
1166,"0"
1167,"0"
1168,"0"
1169,"1"
1170,"0"
1171,"0"
1172,"0"
1173,"0"
1174,"1"
1175,"1"
1176,"0"
1177,"0"
1178,"1"
1179,"0"
1180,"0"
1181,"0"
1182,"0"
1183,"0"
1184,"0"
1185,"0"
1186,"0"
1187,"0"
1188,"1"
1189,"0"
1190,"0"
1191,"1"
1192,"1"
1193,"0"
1194,"0"
1195,"1"
1196,"0"
1197,"0"
1198,"1"
1199,"0"
1200,"0"
1201,"0"
1202,"0"
1203,"0"
1204,"0"
1205,"1"
1206,"0"
1207,"0"
1208,"1"
1209,"0"
1210,"0"
1211,"0"
1212,"0"
1213,"1"
1214,"0"
1215,"0"
1216,"0"
1217,"0"
1218,"0"
1219,"0"
1220,"1"
1221,"0"
1222,"0"
1223,"0"
1224,"0"
1225,"0"
1226,"0"
1227,"0"
1228,"0"
1229,"0"
1230,"0"
1231,"1"
1232,"1"
1233,"0"
1234,"1"
1235,"1"
1236,"1"
1237,"1"
1238,"0"
1239,"1"
1240,"0"
1241,"0"
1242,"0"
1243,"0"
1244,"0"
1245,"0"
1246,"0"
1247,"1"
1248,"1"
1249,"0"
1250,"0"
1251,"0"
1252,"0"
1253,"0"
1254,"0"
1255,"0"
1256,"1"
1257,"1"
1258,"1"
1259,"0"
1260,"0"
1261,"0"
1262,"0"
1263,"0"
1264,"1"
1265,"1"
1266,"0"
1267,"1"
1268,"1"
1269,"0"
1270,"0"
1271,"1"
1272,"0"
1273,"0"
1274,"0"
1275,"0"
1276,"0"
1277,"0"
1278,"1"
1279,"1"
1280,"1"
1281,"0"
1282,"1"
1283,"0"
1284,"1"
1285,"1"
1286,"0"
1287,"1"
1288,"1"
1289,"0"
1290,"0"
1291,"1"
1292,"0"
1293,"0"
1294,"0"
1295,"1"
1296,"0"
1297,"0"
1298,"0"
1299,"0"
1300,"0"
1301,"0"
1302,"0"
1303,"1"
1304,"0"
1305,"1"
1306,"0"
1307,"0"
1308,"1"
1309,"0"
1310,"0"
1311,"0"
1312,"0"
1313,"0"
1314,"0"
1315,"0"
1316,"0"
1317,"1"
1318,"1"
1319,"0"
1320,"0"
1321,"1"
1322,"0"
1323,"0"
1324,"0"
1325,"1"
1326,"1"
1327,"0"
1328,"0"
1329,"1"
1330,"1"
1331,"0"
1332,"0"
1333,"0"
1334,"0"
1335,"1"
1336,"0"
1337,"0"
1338,"0"
1339,"1"
1340,"0"
1341,"0"
1342,"0"
1343,"0"
1344,"0"
1345,"0"
1346,"1"
1347,"0"
1348,"1"
1349,"1"
1350,"0"
1351,"1"
1352,"0"
1353,"0"
1354,"1"
1355,"0"
1356,"0"
1357,"0"
1358,"1"
1359,"0"
1360,"0"
1361,"0"
1362,"0"
1363,"0"
1364,"0"
1365,"0"
1366,"0"
1367,"1"
1368,"0"
1369,"0"
1370,"0"
1371,"0"
1372,"1"
1373,"1"
1374,"0"
1375,"0"
1376,"1"
1377,"1"
1378,"0"
1379,"0"
1380,"0"
1381,"1"
1382,"0"
1383,"0"
1384,"0"
1385,"0"
1386,"0"
1387,"0"
1388,"1"
1389,"0"
1390,"1"
1391,"1"
1392,"0"
1393,"1"
1394,"0"
1395,"1"
1396,"0"
1397,"0"
1398,"1"
1399,"1"
1400,"0"
1401,"1"
1402,"0"
1403,"0"
1404,"0"
1405,"1"
1406,"0"
1407,"0"
1408,"0"
1409,"1"
1410,"1"
1411,"0"
1412,"1"
1413,"0"
1414,"0"
1415,"0"
1416,"0"
1417,"1"
1418,"0"
1419,"1"
1420,"0"
1421,"1"
1422,"0"
1423,"1"
1424,"0"
1425,"0"
1426,"0"
1427,"0"
1428,"1"
1429,"0"
1430,"1"
1431,"1"
1432,"0"
1433,"0"
1434,"1"
1435,"0"
1436,"0"
1437,"0"
1438,"0"
1439,"0"
1440,"0"
1441,"0"
1442,"0"
1443,"0"
1444,"0"
1445,"0"
1446,"0"
1447,"0"
1448,"0"
1449,"0"
1450,"0"
1451,"0"
1452,"1"
1453,"0"
1454,"0"
1455,"0"
1456,"0"
1457,"0"
1458,"0"
1459,"1"
1460,"0"
1461,"0"
1462,"0"
1463,"0"
1464,"1"
1465,"1"
1466,"0"
1467,"0"
1468,"0"
1469,"0"
1470,"0"
1471,"0"
1472,"0"
1473,"1"
1474,"0"
1475,"1"
1476,"0"
1477,"1"
1478,"1"
1479,"0"
1480,"1"
1481,"1"
1482,"0"
1483,"0"
1484,"0"
1485,"1"
1486,"1"
1487,"0"
1488,"1"
1489,"0"
1490,"0"
1491,"0"
1492,"0"
1493,"0"
1494,"0"
1495,"0"
1496,"0"
1497,"1"
1498,"0"
1499,"0"
1500,"0"
1501,"1"
1502,"0"
1503,"1"
1504,"0"
1505,"1"
1506,"1"
1507,"0"
1508,"0"
1509,"0"
1510,"0"
1511,"0"
1512,"0"
1513,"0"
1514,"0"
1515,"0"
1516,"0"
1517,"0"
1518,"0"
1519,"1"
1520,"0"
1521,"1"
1522,"0"
1523,"0"
1524,"0"
1525,"1"
1526,"0"
1527,"1"
1528,"0"
1529,"0"
1530,"0"
1531,"0"
1532,"0"
1533,"0"
1534,"1"
1535,"1"
1536,"0"
1537,"0"
1538,"0"
1539,"0"
1540,"0"
1541,"0"
1542,"1"
1543,"0"
1544,"1"
1545,"0"
1546,"0"
1547,"0"
1548,"1"
1549,"0"
1550,"1"
1551,"0"
1552,"0"
1553,"0"
1554,"0"
1555,"0"
1556,"1"
1557,"0"
1558,"0"
1559,"0"
1560,"0"
1561,"1"
1562,"0"
1563,"1"
1564,"0"
1565,"1"
1566,"1"
1567,"1"
1568,"0"
1569,"0"
1570,"0"
1571,"1"
1572,"0"
1573,"1"
1574,"0"
1575,"0"
1576,"0"
1577,"1"
1578,"1"
1579,"0"
1580,"0"
1581,"0"
1582,"0"
1583,"0"
1584,"0"
1585,"1"
1586,"1"
1587,"1"
1588,"1"
1589,"0"
1590,"1"
1591,"1"
1592,"0"
1593,"0"
1594,"0"
1595,"0"
1596,"0"
1597,"0"
1598,"0"
1599,"1"
1600,"0"
1601,"1"
1602,"1"
1603,"1"
1604,"0"
1605,"1"
1606,"0"
1607,"0"
1608,"1"
1609,"0"
1610,"0"
1611,"0"
1612,"1"
1613,"0"
1614,"0"
1615,"1"
1616,"0"
1617,"0"
1618,"0"
1619,"0"
1620,"1"
1621,"1"
1622,"0"
1623,"0"
1624,"0"
1625,"0"
1626,"0"
1627,"0"
1628,"0"
1629,"1"
1630,"0"
1631,"1"
1632,"0"
1633,"1"
1634,"0"
1635,"0"
1636,"0"
1637,"0"
1638,"1"
1639,"0"
1640,"0"
1641,"0"
1642,"0"
1643,"0"
1644,"0"
1645,"1"
1646,"0"
1647,"0"
1648,"0"
1649,"0"
1650,"1"
1651,"0"
1652,"0"
1653,"0"
1654,"0"
1655,"0"
1656,"0"
1657,"0"
1658,"1"
1659,"0"
1660,"0"
1661,"0"
1662,"0"
1663,"1"
1664,"1"
1665,"0"
1666,"1"
1667,"1"
1668,"1"
1669,"0"
1670,"0"
1671,"1"
1672,"1"
1673,"0"
1674,"0"
1675,"1"
1676,"0"
1677,"0"
1678,"0"
1679,"0"
1680,"0"
1681,"1"
1682,"0"
1683,"0"
1684,"0"
1685,"1"
1686,"0"
1687,"1"
1688,"0"
1689,"1"
1690,"1"
1691,"0"
1692,"0"
1693,"0"
1694,"0"
1695,"0"
1696,"1"
1697,"0"
1698,"0"
1699,"0"
1700,"1"
1701,"1"
1702,"1"
1703,"0"
1704,"0"
1705,"0"
1706,"0"
1707,"0"
1708,"1"
1709,"0"
1710,"0"
1711,"0"
1712,"0"
1713,"1"
1714,"1"
1715,"0"
1716,"0"
1717,"1"
1718,"1"
1719,"0"
1720,"0"
1721,"0"
1722,"0"
1723,"0"
1724,"0"
1725,"0"
1726,"0"
1727,"1"
1728,"1"
1729,"0"
1730,"1"
1731,"0"
1732,"0"
1733,"1"
1734,"0"
1735,"1"
1736,"0"
1737,"0"
1738,"0"
1739,"0"
1740,"1"
1741,"0"
1742,"1"
1743,"0"
1744,"0"
1745,"0"
1746,"1"
1747,"1"
1748,"0"
1749,"0"
1750,"1"
1751,"0"
1752,"0"
1753,"0"
1754,"0"
1755,"0"
1756,"0"
1757,"0"
1758,"0"
1759,"1"
1760,"0"
1761,"0"
1762,"1"
1763,"1"
1764,"1"
1765,"0"
1766,"0"
1767,"0"
1768,"1"
1769,"0"
1770,"1"
1771,"0"
1772,"1"
1773,"0"
1774,"1"
1775,"1"
1776,"0"
1777,"0"
1778,"0"
1779,"1"
1780,"0"
1781,"0"
1782,"0"
1783,"1"
1784,"1"
1785,"0"
1786,"0"
1787,"1"
1788,"1"
1789,"1"
1790,"0"
1791,"0"
1792,"0"
1793,"0"
1794,"0"
1795,"1"
1796,"0"
1797,"0"
1798,"0"
1799,"1"
1800,"1"
1801,"0"
1802,"1"
1803,"0"
1804,"1"
1805,"1"
1806,"1"
1807,"0"
1808,"0"
1809,"1"
1810,"0"
1811,"0"
1812,"0"
1813,"0"
1814,"1"
1815,"0"
1816,"1"
1817,"0"
1818,"0"
1819,"0"
1820,"0"
1821,"0"
1822,"1"
1823,"0"
1824,"0"
1825,"0"
1826,"0"
1827,"0"
1828,"0"
1829,"0"
1830,"0"
1831,"0"
1832,"1"
1833,"1"
1834,"1"
1835,"0"
1836,"0"
1837,"1"
1838,"0"
1839,"0"
1840,"0"
1841,"0"
1842,"0"
1843,"0"
1844,"0"
1845,"1"
1846,"0"
1847,"0"
1848,"0"
1849,"1"
1850,"0"
1851,"1"
1852,"0"
1853,"0"
1854,"0"
1855,"0"
1856,"0"
1857,"0"
1858,"0"
1859,"0"
1860,"1"
1861,"1"
1862,"0"
1863,"1"
1864,"0"
1865,"1"
1866,"0"
1867,"0"
1868,"0"
1869,"0"
1870,"0"
1871,"1"
1872,"0"
1873,"1"
1874,"0"
1875,"0"
1876,"0"
1877,"1"
1878,"0"
1879,"0"
1880,"1"
1881,"1"
1882,"0"
1883,"0"
1884,"1"
1885,"1"
1886,"1"
1887,"0"
1888,"1"
1889,"1"
1890,"1"
1891,"0"
1892,"0"
1893,"0"
1894,"0"
1895,"1"
1896,"0"
1897,"1"
1898,"0"
1899,"1"
1900,"0"
1901,"0"
1902,"1"
1903,"0"
1904,"0"
1905,"1"
1906,"0"
1907,"0"
1908,"0"
1909,"0"
1910,"1"
1911,"0"
1912,"1"
1913,"1"
1914,"0"
1915,"1"
1916,"1"
1917,"0"
1918,"1"
1919,"0"
1920,"0"
1921,"0"
1922,"0"
1923,"0"
1924,"0"
1925,"0"
1926,"0"
1927,"0"
1928,"0"
1929,"0"
1930,"0"
1931,"1"
1932,"0"
1933,"1"
1934,"0"
1935,"0"
1936,"1"
1937,"1"
1938,"0"
1939,"1"
1940,"1"
1941,"0"
1942,"1"
1943,"0"
1944,"0"
1945,"1"
1946,"1"
1947,"0"
1948,"0"
1949,"0"
1950,"0"
1951,"1"
1952,"0"
1953,"0"
1954,"1"
1955,"1"
1956,"0"
1957,"0"
1958,"0"
1959,"0"
1960,"0"
1961,"1"
1962,"1"
1963,"0"
1964,"0"
1965,"0"
1966,"0"
1967,"1"
1968,"1"
1969,"0"
1970,"0"
1971,"1"
1972,"0"
1973,"0"
1974,"0"
1975,"0"
1976,"0"
1977,"0"
1978,"0"
1979,"1"
1980,"1"
1981,"1"
1982,"1"
1983,"0"
1984,"0"
1985,"0"
1986,"0"
1987,"0"
1988,"0"
1989,"0"
1990,"0"
1991,"0"
1992,"0"
1993,"1"
1994,"0"
1995,"0"
1996,"0"
1997,"1"
1998,"1"
1999,"0"
2000,"0"
2001,"1"
2002,"0"
2003,"0"
2004,"0"
2005,"0"
2006,"1"
2007,"0"
2008,"1"
2009,"0"
2010,"1"
2011,"0"
2012,"0"
2013,"0"
2014,"0"
2015,"1"
2016,"0"
2017,"0"
2018,"0"
2019,"0"
2020,"0"
2021,"1"
2022,"0"
2023,"0"
2024,"0"
2025,"0"
2026,"0"
2027,"0"
2028,"0"
2029,"1"
2030,"0"
2031,"1"
2032,"1"
2033,"0"
2034,"1"
2035,"1"
2036,"0"
2037,"0"
2038,"0"
2039,"0"
2040,"0"
2041,"0"
2042,"0"
2043,"1"
2044,"0"
2045,"1"
2046,"1"
2047,"0"
2048,"1"
2049,"1"
2050,"1"
2051,"0"
2052,"0"
2053,"1"
2054,"1"
2055,"0"
2056,"0"
2057,"0"
2058,"1"
2059,"0"
2060,"0"
2061,"1"
2062,"1"
2063,"0"
2064,"0"
2065,"1"
2066,"0"
2067,"0"
2068,"0"
2069,"0"
2070,"0"
2071,"1"
2072,"0"
2073,"0"
2074,"1"
2075,"0"
2076,"0"
2077,"0"
2078,"0"
2079,"0"
2080,"0"
2081,"1"
2082,"0"
2083,"1"
2084,"1"
2085,"1"
2086,"1"
2087,"0"
2088,"0"
2089,"1"
2090,"0"
2091,"1"
2092,"1"
2093,"0"
2094,"0"
2095,"0"
2096,"1"
2097,"0"
2098,"0"
2099,"0"
2100,"1"
2101,"1"
2102,"0"
2103,"0"
2104,"0"
2105,"0"
2106,"1"
2107,"0"
2108,"0"
2109,"1"
2110,"1"
2111,"0"
2112,"0"
2113,"0"
2114,"1"
2115,"0"
2116,"0"
2117,"0"
2118,"0"
2119,"0"
2120,"0"
2121,"0"
2122,"0"
2123,"1"
2124,"0"
2125,"1"
2126,"0"
2127,"1"
2128,"0"
2129,"1"
2130,"0"
2131,"1"
2132,"0"
2133,"0"
2134,"0"
2135,"1"
2136,"0"
2137,"0"
2138,"1"
2139,"0"
2140,"0"
2141,"0"
2142,"1"
2143,"0"
2144,"0"
2145,"0"
2146,"0"
2147,"0"
2148,"0"
2149,"1"
2150,"0"
2151,"0"
2152,"0"
2153,"0"
2154,"0"
2155,"1"
2156,"0"
2157,"1"
2158,"0"
2159,"0"
2160,"0"
2161,"0"
2162,"0"
2163,"0"
2164,"1"
2165,"1"
2166,"1"
2167,"0"
2168,"0"
2169,"0"
2170,"0"
2171,"1"
2172,"1"
2173,"1"
2174,"1"
2175,"1"
2176,"1"
2177,"0"
2178,"1"
2179,"0"
2180,"0"
2181,"0"
2182,"1"
2183,"1"
2184,"0"
2185,"1"
2186,"1"
2187,"0"
2188,"0"
2189,"1"
2190,"0"
2191,"0"
2192,"0"
2193,"0"
2194,"0"
2195,"0"
2196,"0"
2197,"1"
2198,"1"
2199,"0"
2200,"0"
2201,"1"
2202,"0"
2203,"0"
2204,"1"
2205,"1"
2206,"1"
2207,"0"
2208,"0"
2209,"0"
2210,"1"
2211,"0"
2212,"1"
2213,"0"
2214,"0"
2215,"1"
2216,"0"
2217,"0"
2218,"0"
2219,"1"
2220,"0"
2221,"0"
2222,"0"
2223,"0"
2224,"1"
2225,"0"
2226,"0"
2227,"1"
2228,"1"
2229,"0"
2230,"1"
2231,"0"
2232,"1"
2233,"0"
2234,"0"
2235,"1"
2236,"0"
2237,"0"
2238,"0"
2239,"0"
2240,"0"
2241,"0"
2242,"1"
2243,"1"
2244,"1"
2245,"0"
2246,"0"
2247,"0"
2248,"1"
2249,"1"
2250,"0"
2251,"1"
2252,"1"
2253,"1"
2254,"1"
2255,"0"
2256,"1"
2257,"1"
2258,"0"
2259,"0"
2260,"0"
2261,"1"
2262,"0"
2263,"0"
2264,"1"
2265,"1"
2266,"0"
2267,"0"
2268,"0"
2269,"0"
2270,"1"
2271,"0"
2272,"0"
2273,"1"
2274,"0"
2275,"1"
2276,"0"
2277,"0"
2278,"1"
2279,"0"
2280,"0"
2281,"0"
2282,"0"
2283,"0"
2284,"1"
2285,"1"
2286,"0"
2287,"1"
2288,"0"
2289,"1"
2290,"0"
2291,"0"
2292,"1"
2293,"1"
2294,"1"
2295,"0"
2296,"0"
2297,"0"
2298,"1"
2299,"0"
2300,"0"
2301,"1"
2302,"0"
2303,"0"
2304,"0"
2305,"0"
2306,"0"
2307,"1"
2308,"1"
2309,"0"
2310,"1"
2311,"0"
2312,"0"
2313,"0"
2314,"0"
2315,"0"
2316,"0"
2317,"1"
2318,"0"
2319,"0"
2320,"0"
2321,"1"
2322,"0"
2323,"1"
2324,"0"
2325,"0"
2326,"0"
2327,"0"
2328,"0"
2329,"1"
2330,"1"
2331,"1"
2332,"0"
2333,"0"
2334,"1"
2335,"0"
2336,"1"
2337,"0"
2338,"0"
2339,"0"
2340,"1"
2341,"1"
2342,"0"
2343,"0"
2344,"0"
2345,"1"
2346,"0"
2347,"0"
2348,"0"
2349,"0"
2350,"0"
2351,"1"
2352,"0"
2353,"1"
2354,"1"
2355,"1"
2356,"1"
2357,"1"
2358,"1"
2359,"0"
2360,"1"
2361,"0"
2362,"1"
2363,"1"
2364,"1"
2365,"0"
2366,"0"
2367,"0"
2368,"0"
2369,"0"
2370,"0"
2371,"0"
2372,"0"
2373,"0"
2374,"0"
2375,"0"
2376,"0"
2377,"0"
2378,"0"
2379,"0"
2380,"1"
2381,"1"
2382,"0"
2383,"1"
2384,"1"
2385,"1"
2386,"1"
2387,"1"
2388,"0"
2389,"0"
2390,"0"
2391,"0"
2392,"1"
2393,"0"
2394,"0"
2395,"0"
2396,"0"
2397,"0"
2398,"1"
2399,"0"
2400,"0"
2401,"0"
2402,"1"
2403,"1"
2404,"0"
2405,"0"
2406,"0"
2407,"1"
2408,"1"
2409,"0"
2410,"0"
2411,"0"
2412,"1"
2413,"1"
2414,"1"
2415,"0"
2416,"0"
2417,"0"
2418,"1"
2419,"1"
2420,"0"
2421,"0"
2422,"0"
2423,"1"
2424,"1"
2425,"1"
2426,"0"
2427,"0"
2428,"1"
2429,"0"
2430,"0"
2431,"0"
2432,"1"
2433,"1"
2434,"0"
2435,"0"
2436,"0"
2437,"0"
2438,"1"
2439,"1"
2440,"0"
2441,"0"
2442,"0"
2443,"1"
2444,"0"
2445,"0"
2446,"0"
2447,"0"
2448,"1"
2449,"0"
2450,"0"
2451,"0"
2452,"0"
2453,"0"
2454,"0"
2455,"1"
2456,"0"
2457,"0"
2458,"0"
2459,"0"
2460,"0"
2461,"1"
2462,"0"
2463,"0"
2464,"1"
2465,"0"
2466,"0"
2467,"0"
2468,"0"
2469,"1"
2470,"0"
2471,"0"
2472,"0"
2473,"0"
2474,"1"
2475,"0"
2476,"0"
2477,"0"
2478,"0"
2479,"1"
2480,"0"
2481,"0"
2482,"0"
2483,"0"
2484,"1"
2485,"0"
2486,"0"
2487,"1"
2488,"0"
2489,"0"
2490,"1"
2491,"1"
2492,"0"
2493,"1"
2494,"0"
2495,"0"
2496,"1"
2497,"1"
2498,"0"
2499,"1"
2500,"0"
2501,"0"
2502,"1"
2503,"0"
2504,"0"
2505,"0"
2506,"0"
2507,"0"
2508,"0"
2509,"0"
2510,"0"
2511,"0"
2512,"0"
2513,"0"
2514,"0"
2515,"1"
2516,"1"
2517,"0"
2518,"1"
2519,"0"
2520,"0"
2521,"0"
2522,"0"
2523,"0"
2524,"0"
2525,"0"
2526,"1"
2527,"1"
2528,"1"
2529,"0"
2530,"1"
2531,"0"
2532,"1"
2533,"0"
2534,"0"
2535,"1"
2536,"1"
2537,"1"
2538,"0"
2539,"0"
2540,"0"
2541,"1"
2542,"0"
2543,"1"
2544,"0"
2545,"0"
2546,"0"
2547,"0"
2548,"0"
2549,"0"
2550,"0"
2551,"0"
2552,"0"
2553,"1"
2554,"0"
2555,"0"
2556,"0"
2557,"1"
2558,"0"
2559,"1"
2560,"1"
2561,"0"
2562,"0"
2563,"1"
2564,"0"
2565,"0"
2566,"0"
2567,"0"
2568,"0"
2569,"0"
2570,"1"
2571,"0"
2572,"1"
2573,"0"
2574,"0"
2575,"0"
2576,"0"
2577,"0"
2578,"0"
2579,"0"
2580,"1"
2581,"0"
2582,"0"
2583,"0"
2584,"0"
2585,"0"
2586,"0"
2587,"0"
2588,"0"
2589,"0"
2590,"0"
2591,"0"
2592,"0"
2593,"1"
2594,"1"
2595,"0"
2596,"0"
2597,"1"
2598,"0"
2599,"0"
2600,"0"
2601,"0"
2602,"0"
2603,"1"
2604,"0"
2605,"1"
2606,"0"
2607,"1"
2608,"0"
2609,"0"
2610,"0"
2611,"1"
2612,"0"
2613,"0"
2614,"0"
2615,"0"
2616,"1"
2617,"0"
2618,"0"
2619,"0"
2620,"0"
2621,"1"
2622,"0"
2623,"0"
2624,"0"
2625,"0"
2626,"0"
2627,"0"
2628,"0"
2629,"0"
2630,"1"
2631,"0"
2632,"1"
2633,"0"
2634,"1"
2635,"0"
2636,"0"
2637,"1"
2638,"0"
2639,"1"
2640,"1"
2641,"1"
2642,"0"
2643,"1"
2644,"0"
2645,"0"
2646,"1"
2647,"0"
2648,"1"
2649,"0"
2650,"1"
2651,"1"
2652,"0"
2653,"1"
2654,"1"
2655,"1"
2656,"1"
2657,"0"
2658,"1"
2659,"1"
2660,"0"
2661,"0"
2662,"0"
2663,"1"
2664,"0"
2665,"0"
2666,"0"
2667,"0"
2668,"0"
2669,"0"
2670,"1"
2671,"0"
2672,"0"
2673,"0"
2674,"1"
2675,"0"
2676,"1"
2677,"1"
2678,"0"
2679,"0"
2680,"0"
2681,"1"
2682,"1"
2683,"0"
2684,"0"
2685,"0"
2686,"1"
2687,"1"
2688,"1"
2689,"1"
2690,"1"
2691,"0"
2692,"0"
2693,"0"
2694,"0"
2695,"0"
2696,"0"
2697,"0"
2698,"0"
2699,"1"
2700,"0"
2701,"0"
2702,"0"
2703,"0"
2704,"0"
2705,"0"
2706,"0"
2707,"0"
2708,"0"
2709,"0"
2710,"1"
2711,"1"
2712,"0"
2713,"0"
2714,"0"
2715,"0"
2716,"0"
2717,"0"
2718,"0"
2719,"0"
2720,"1"
2721,"0"
2722,"0"
2723,"0"
2724,"0"
2725,"0"
2726,"1"
2727,"0"
2728,"1"
2729,"0"
2730,"1"
2731,"0"
2732,"1"
2733,"0"
2734,"0"
2735,"1"
2736,"0"
2737,"0"
2738,"0"
2739,"0"
2740,"0"
2741,"0"
2742,"0"
2743,"0"
2744,"1"
2745,"0"
2746,"0"
2747,"0"
2748,"1"
2749,"1"
2750,"1"
2751,"0"
2752,"1"
2753,"0"
2754,"0"
2755,"1"
2756,"0"
2757,"1"
2758,"0"
2759,"0"
2760,"0"
2761,"1"
2762,"0"
2763,"1"
2764,"1"
2765,"0"
2766,"0"
2767,"0"
2768,"0"
2769,"0"
2770,"0"
2771,"0"
2772,"0"
2773,"1"
2774,"0"
2775,"0"
2776,"1"
2777,"0"
2778,"0"
2779,"0"
2780,"0"
2781,"1"
2782,"0"
2783,"0"
2784,"0"
2785,"0"
2786,"1"
2787,"1"
2788,"0"
2789,"0"
2790,"1"
2791,"0"
2792,"1"
2793,"0"
2794,"0"
2795,"0"
2796,"1"
2797,"0"
2798,"1"
2799,"0"
2800,"0"
2801,"0"
2802,"1"
2803,"0"
2804,"0"
2805,"1"
2806,"1"
2807,"0"
2808,"0"
2809,"0"
2810,"0"
2811,"1"
2812,"1"
2813,"1"
2814,"1"
2815,"1"
2816,"1"
2817,"0"
2818,"1"
2819,"0"
2820,"0"
2821,"0"
2822,"1"
2823,"0"
2824,"1"
2825,"0"
2826,"0"
2827,"0"
2828,"0"
2829,"1"
2830,"0"
2831,"1"
2832,"0"
2833,"0"
2834,"1"
2835,"1"
2836,"0"
2837,"0"
2838,"1"
2839,"0"
2840,"1"
2841,"0"
2842,"1"
2843,"0"
2844,"0"
2845,"1"
2846,"0"
2847,"0"
2848,"0"
2849,"1"
2850,"0"
2851,"1"
2852,"1"
2853,"0"
2854,"0"
2855,"0"
2856,"0"
2857,"1"
2858,"1"
2859,"0"
2860,"1"
2861,"1"
2862,"1"
2863,"0"
2864,"1"
2865,"0"
2866,"1"
2867,"0"
2868,"1"
2869,"0"
2870,"1"
2871,"0"
2872,"1"
2873,"0"
2874,"0"
2875,"0"
2876,"0"
2877,"0"
2878,"1"
2879,"0"
2880,"0"
2881,"1"
2882,"0"
2883,"0"
2884,"1"
2885,"0"
2886,"0"
2887,"0"
2888,"0"
2889,"1"
2890,"0"
2891,"0"
2892,"1"
2893,"0"
2894,"1"
2895,"0"
2896,"1"
2897,"0"
2898,"1"
2899,"1"
2900,"1"
2901,"1"
2902,"1"
2903,"0"
2904,"0"
2905,"0"
2906,"0"
2907,"0"
2908,"1"
2909,"0"
2910,"0"
2911,"0"
2912,"0"
2913,"0"
2914,"0"
2915,"1"
2916,"0"
2917,"0"
2918,"0"
2919,"0"
2920,"1"
2921,"0"
2922,"0"
2923,"0"
2924,"0"
2925,"1"
2926,"0"
2927,"0"
2928,"0"
2929,"0"
2930,"0"
2931,"1"
2932,"1"
2933,"1"
2934,"0"
2935,"1"
2936,"0"
2937,"0"
2938,"0"
2939,"0"
2940,"1"
2941,"0"
2942,"1"
2943,"1"
2944,"0"
2945,"0"
2946,"0"
2947,"0"
2948,"1"
2949,"0"
2950,"0"
2951,"0"
2952,"0"
2953,"0"
2954,"0"
2955,"0"
2956,"1"
2957,"0"
2958,"0"
2959,"0"
2960,"1"
2961,"0"
2962,"1"
2963,"0"
2964,"0"
2965,"1"
2966,"0"
2967,"0"
2968,"1"
2969,"0"
2970,"1"
2971,"0"
2972,"0"
2973,"1"
2974,"0"
2975,"0"
2976,"0"
2977,"0"
2978,"0"
2979,"1"
2980,"0"
2981,"0"
2982,"0"
2983,"0"
2984,"0"
2985,"1"
2986,"0"
2987,"1"
2988,"1"
2989,"0"
2990,"0"
2991,"0"
2992,"0"
2993,"1"
2994,"0"
2995,"0"
2996,"0"
2997,"0"
2998,"0"
2999,"0"
3000,"1"
3001,"0"
3002,"0"
3003,"0"
3004,"1"
3005,"0"
3006,"0"
3007,"0"
3008,"0"
3009,"0"
3010,"0"
3011,"0"
3012,"0"
3013,"0"
3014,"0"
3015,"0"
3016,"0"
3017,"0"
3018,"1"
3019,"0"
3020,"0"
3021,"0"
3022,"0"
3023,"0"
3024,"0"
3025,"0"
3026,"1"
3027,"0"
3028,"0"
3029,"0"
3030,"0"
3031,"0"
3032,"0"
3033,"0"
3034,"0"
3035,"0"
3036,"1"
3037,"1"
3038,"0"
3039,"0"
3040,"0"
3041,"0"
3042,"0"
3043,"0"
3044,"1"
3045,"0"
3046,"0"
3047,"0"
3048,"0"
3049,"0"
3050,"0"
3051,"1"
3052,"1"
3053,"0"
3054,"0"
3055,"0"
3056,"0"
3057,"1"
3058,"1"
3059,"0"
3060,"1"
3061,"0"
3062,"0"
3063,"1"
3064,"1"
3065,"0"
3066,"0"
3067,"1"
3068,"1"
3069,"1"
3070,"1"
3071,"1"
3072,"0"
3073,"0"
3074,"0"
3075,"1"
3076,"1"
3077,"0"
3078,"1"
3079,"1"
3080,"0"
3081,"0"
3082,"0"
3083,"0"
3084,"0"
3085,"0"
3086,"0"
3087,"0"
3088,"0"
3089,"1"
3090,"0"
3091,"0"
3092,"0"
3093,"0"
3094,"1"
3095,"1"
3096,"1"
3097,"1"
3098,"0"
3099,"0"
3100,"0"
3101,"0"
3102,"0"
3103,"0"
3104,"0"
3105,"1"
3106,"0"
3107,"1"
3108,"1"
3109,"1"
3110,"1"
3111,"1"
3112,"1"
3113,"1"
3114,"1"
3115,"0"
3116,"1"
3117,"0"
3118,"0"
3119,"1"
3120,"1"
3121,"0"
3122,"0"
3123,"0"
3124,"1"
3125,"0"
3126,"0"
3127,"0"
3128,"0"
3129,"0"
3130,"1"
3131,"0"
3132,"0"
3133,"1"
3134,"1"
3135,"0"
3136,"0"
3137,"0"
3138,"0"
3139,"0"
3140,"0"
3141,"0"
3142,"0"
3143,"1"
3144,"1"
3145,"0"
3146,"0"
3147,"0"
3148,"1"
3149,"0"
3150,"1"
3151,"0"
3152,"1"
3153,"0"
3154,"1"
3155,"0"
3156,"0"
3157,"0"
3158,"0"
3159,"1"
3160,"0"
3161,"0"
3162,"0"
3163,"0"
3164,"0"
3165,"0"
3166,"0"
3167,"0"
3168,"0"
3169,"0"
3170,"1"
3171,"0"
3172,"0"
3173,"0"
3174,"1"
3175,"0"
3176,"1"
3177,"1"
3178,"0"
3179,"0"
3180,"1"
3181,"1"
3182,"1"
3183,"1"
3184,"0"
3185,"0"
3186,"0"
3187,"0"
3188,"0"
3189,"0"
3190,"1"
3191,"0"
3192,"1"
3193,"0"
3194,"1"
3195,"0"
3196,"0"
3197,"1"
3198,"0"
3199,"0"
3200,"0"
3201,"1"
3202,"0"
3203,"0"
3204,"1"
3205,"0"
3206,"0"
3207,"0"
3208,"1"
3209,"1"
3210,"0"
3211,"1"
3212,"0"
3213,"0"
3214,"0"
3215,"1"
3216,"0"
3217,"0"
3218,"1"
3219,"0"
3220,"0"
3221,"0"
3222,"0"
3223,"0"
3224,"0"
3225,"0"
3226,"1"
3227,"0"
3228,"1"
3229,"0"
3230,"0"
3231,"0"
3232,"0"
3233,"1"
3234,"0"
3235,"0"
3236,"0"
3237,"1"
3238,"0"
3239,"0"
3240,"0"
3241,"0"
3242,"0"
3243,"0"
3244,"1"
3245,"0"
3246,"0"
3247,"0"
3248,"0"
3249,"1"
3250,"0"
3251,"0"
3252,"0"
3253,"0"
3254,"0"
3255,"1"
3256,"0"
3257,"0"
3258,"0"
3259,"0"
3260,"0"
3261,"0"
3262,"1"
3263,"0"
3264,"1"
3265,"0"
3266,"1"
3267,"0"
3268,"1"
3269,"1"
3270,"0"
3271,"0"
3272,"0"
3273,"0"
3274,"0"
3275,"0"
3276,"0"
3277,"0"
3278,"1"
3279,"0"
3280,"0"
3281,"1"
3282,"0"
3283,"0"
3284,"1"
3285,"0"
3286,"0"
3287,"0"
3288,"1"
3289,"0"
3290,"0"
3291,"1"
3292,"1"
3293,"1"
3294,"0"
3295,"0"
3296,"0"
3297,"0"
3298,"0"
3299,"0"
3300,"0"
3301,"0"
3302,"1"
3303,"0"
3304,"1"
3305,"1"
3306,"0"
3307,"1"
3308,"0"
3309,"0"
3310,"0"
3311,"1"
3312,"1"
3313,"1"
3314,"1"
3315,"0"
3316,"0"
3317,"0"
3318,"1"
3319,"1"
3320,"0"
3321,"0"
3322,"0"
3323,"0"
3324,"0"
3325,"1"
3326,"0"
3327,"0"
3328,"0"
3329,"1"
3330,"0"
3331,"0"
3332,"1"
3333,"0"
3334,"0"
3335,"0"
3336,"0"
3337,"0"
3338,"0"
3339,"0"
3340,"0"
3341,"0"
3342,"1"
3343,"1"
3344,"0"
3345,"1"
3346,"0"
3347,"0"
3348,"0"
3349,"1"
3350,"1"
3351,"0"
3352,"0"
3353,"0"
3354,"1"
3355,"0"
3356,"0"
3357,"0"
3358,"0"
3359,"0"
3360,"0"
3361,"0"
3362,"1"
3363,"0"
3364,"0"
3365,"0"
3366,"0"
3367,"1"
3368,"0"
3369,"0"
3370,"1"
3371,"1"
3372,"0"
3373,"0"
3374,"0"
3375,"0"
3376,"0"
3377,"1"
3378,"0"
3379,"0"
3380,"1"
3381,"0"
3382,"0"
3383,"0"
3384,"0"
3385,"0"
3386,"0"
3387,"0"
3388,"0"
3389,"0"
3390,"0"
3391,"0"
3392,"0"
3393,"0"
3394,"1"
3395,"1"
3396,"1"
3397,"1"
3398,"0"
3399,"1"
3400,"0"
3401,"0"
3402,"0"
3403,"0"
3404,"0"
3405,"0"
3406,"1"
3407,"1"
3408,"1"
3409,"1"
3410,"0"
3411,"0"
3412,"1"
3413,"0"
3414,"0"
3415,"0"
3416,"1"
3417,"0"
3418,"0"
3419,"0"
3420,"0"
3421,"1"
3422,"1"
3423,"1"
3424,"1"
3425,"0"
3426,"1"
3427,"0"
3428,"0"
3429,"0"
3430,"1"
3431,"0"
3432,"1"
3433,"1"
3434,"0"
3435,"0"
3436,"0"
3437,"0"
3438,"0"
3439,"1"
3440,"1"
3441,"0"
3442,"0"
3443,"0"
3444,"0"
3445,"0"
3446,"1"
3447,"1"
3448,"1"
3449,"0"
3450,"0"
3451,"0"
3452,"0"
3453,"1"
3454,"1"
3455,"1"
3456,"1"
3457,"0"
3458,"0"
3459,"1"
3460,"0"
3461,"0"
3462,"0"
3463,"1"
3464,"1"
3465,"1"
3466,"0"
3467,"1"
3468,"0"
3469,"0"
3470,"0"
3471,"0"
3472,"0"
3473,"0"
3474,"0"
3475,"0"
3476,"0"
3477,"0"
3478,"0"
3479,"0"
3480,"1"
3481,"1"
3482,"1"
3483,"1"
3484,"1"
3485,"0"
3486,"1"
3487,"0"
3488,"1"
3489,"0"
3490,"0"
3491,"0"
3492,"0"
3493,"0"
3494,"0"
3495,"0"
3496,"0"
3497,"0"
3498,"0"
3499,"0"
3500,"0"
3501,"0"
3502,"1"
3503,"0"
3504,"1"
3505,"0"
3506,"0"
3507,"0"
3508,"0"
3509,"0"
3510,"0"
3511,"1"
3512,"1"
3513,"0"
3514,"1"
3515,"1"
3516,"1"
3517,"0"
3518,"1"
3519,"0"
3520,"1"
3521,"0"
3522,"0"
3523,"0"
3524,"1"
3525,"0"
3526,"0"
3527,"0"
3528,"0"
3529,"0"
3530,"0"
3531,"1"
3532,"1"
3533,"0"
3534,"1"
3535,"0"
3536,"0"
3537,"0"
3538,"1"
3539,"0"
3540,"1"
3541,"0"
3542,"1"
3543,"0"
3544,"0"
3545,"0"
3546,"0"
3547,"0"
3548,"1"
3549,"0"
3550,"0"
3551,"0"
3552,"0"
3553,"1"
3554,"1"
3555,"0"
3556,"0"
3557,"0"
3558,"1"
3559,"1"
3560,"1"
3561,"1"
3562,"0"
3563,"0"
3564,"0"
3565,"0"
3566,"0"
3567,"0"
3568,"1"
3569,"0"
3570,"0"
3571,"0"
3572,"1"
3573,"0"
3574,"0"
3575,"0"
3576,"0"
3577,"0"
3578,"0"
3579,"1"
3580,"0"
3581,"0"
3582,"1"
3583,"1"
3584,"0"
3585,"0"
3586,"0"
3587,"1"
3588,"0"
3589,"1"
3590,"1"
3591,"0"
3592,"1"
3593,"0"
3594,"0"
3595,"0"
3596,"1"
3597,"1"
3598,"0"
3599,"0"
3600,"1"
3601,"0"
3602,"1"
3603,"1"
3604,"0"
3605,"0"
3606,"0"
3607,"0"
3608,"1"
3609,"0"
3610,"0"
3611,"1"
3612,"1"
3613,"0"
3614,"1"
3615,"0"
3616,"1"
3617,"0"
3618,"0"
3619,"0"
3620,"0"
3621,"0"
3622,"0"
3623,"0"
3624,"1"
3625,"0"
3626,"0"
3627,"0"
3628,"0"
3629,"0"
3630,"1"
3631,"0"
3632,"0"
3633,"0"
3634,"1"
3635,"0"
3636,"1"
3637,"0"
3638,"0"
3639,"1"
3640,"0"
3641,"0"
3642,"0"
3643,"0"
3644,"0"
3645,"0"
3646,"0"
3647,"0"
3648,"0"
3649,"1"
3650,"0"
3651,"0"
3652,"0"
3653,"0"
3654,"1"
3655,"0"
3656,"0"
3657,"1"
3658,"0"
3659,"1"
3660,"1"
3661,"0"
3662,"1"
3663,"0"
3664,"0"
3665,"1"
3666,"0"
3667,"0"
3668,"1"
3669,"0"
3670,"0"
3671,"0"
3672,"0"
3673,"0"
3674,"0"
3675,"1"
3676,"1"
3677,"0"
3678,"0"
3679,"0"
3680,"0"
3681,"0"
3682,"0"
3683,"1"
3684,"0"
3685,"0"
3686,"0"
3687,"0"
3688,"0"
3689,"0"
3690,"0"
3691,"0"
3692,"0"
3693,"1"
3694,"0"
3695,"0"
3696,"0"
3697,"1"
3698,"1"
3699,"0"
3700,"0"
3701,"1"
3702,"0"
3703,"1"
3704,"1"
3705,"0"
3706,"1"
3707,"1"
3708,"0"
3709,"1"
3710,"1"
3711,"1"
3712,"0"
3713,"0"
3714,"0"
3715,"1"
3716,"0"
3717,"0"
3718,"0"
3719,"1"
3720,"0"
3721,"1"
3722,"0"
3723,"1"
3724,"0"
3725,"0"
3726,"0"
3727,"0"
3728,"0"
3729,"1"
3730,"1"
3731,"0"
3732,"0"
3733,"0"
3734,"0"
3735,"0"
3736,"1"
3737,"0"
3738,"1"
3739,"0"
3740,"0"
3741,"0"
3742,"0"
3743,"0"
3744,"0"
3745,"0"
3746,"0"
3747,"0"
3748,"1"
3749,"0"
3750,"0"
3751,"0"
3752,"0"
3753,"0"
3754,"0"
3755,"0"
3756,"0"
3757,"1"
3758,"1"
3759,"0"
3760,"1"
3761,"1"
3762,"0"
3763,"0"
3764,"0"
3765,"0"
3766,"0"
3767,"0"
3768,"1"
3769,"0"
3770,"0"
3771,"1"
3772,"0"
3773,"0"
3774,"0"
3775,"0"
3776,"0"
3777,"1"
3778,"1"
3779,"0"
3780,"0"
3781,"1"
3782,"0"
3783,"1"
3784,"0"
3785,"0"
3786,"0"
3787,"0"
3788,"1"
3789,"0"
3790,"0"
3791,"0"
3792,"0"
3793,"0"
3794,"0"
3795,"1"
3796,"0"
3797,"1"
3798,"1"
3799,"0"
3800,"0"
3801,"0"
3802,"0"
3803,"0"
3804,"1"
3805,"0"
3806,"0"
3807,"0"
3808,"1"
3809,"0"
3810,"0"
3811,"1"
3812,"0"
3813,"0"
3814,"0"
3815,"0"
3816,"0"
3817,"1"
3818,"1"
3819,"0"
3820,"1"
3821,"1"
3822,"0"
3823,"1"
3824,"0"
3825,"0"
3826,"0"
3827,"0"
3828,"0"
3829,"1"
3830,"0"
3831,"0"
3832,"0"
3833,"1"
3834,"0"
3835,"0"
3836,"0"
3837,"0"
3838,"0"
3839,"0"
3840,"0"
3841,"1"
3842,"0"
3843,"0"
3844,"0"
3845,"0"
3846,"0"
3847,"0"
3848,"0"
3849,"0"
3850,"0"
3851,"0"
3852,"0"
3853,"1"
3854,"0"
3855,"0"
3856,"0"
3857,"0"
3858,"1"
3859,"1"
3860,"1"
3861,"0"
3862,"1"
3863,"0"
3864,"0"
3865,"0"
3866,"0"
3867,"1"
3868,"0"
3869,"1"
3870,"1"
3871,"1"
3872,"0"
3873,"0"
3874,"0"
3875,"1"
3876,"0"
3877,"1"
3878,"0"
3879,"0"
3880,"0"
3881,"0"
3882,"1"
3883,"1"
3884,"1"
3885,"0"
3886,"0"
3887,"1"
3888,"0"
3889,"1"
3890,"0"
3891,"0"
3892,"1"
3893,"1"
3894,"0"
3895,"1"
3896,"0"
3897,"1"
3898,"0"
3899,"0"
3900,"0"
3901,"0"
3902,"0"
3903,"1"
3904,"1"
3905,"0"
3906,"1"
3907,"0"
3908,"0"
3909,"0"
3910,"0"
3911,"0"
3912,"1"
3913,"1"
3914,"0"
3915,"0"
3916,"0"
3917,"0"
3918,"0"
3919,"1"
3920,"0"
3921,"0"
3922,"0"
3923,"0"
3924,"0"
3925,"1"
3926,"0"
3927,"0"
3928,"0"
3929,"1"
3930,"0"
3931,"0"
3932,"0"
3933,"1"
3934,"0"
3935,"0"
3936,"0"
3937,"0"
3938,"0"
3939,"1"
3940,"0"
3941,"1"
3942,"0"
3943,"0"
3944,"0"
3945,"1"
3946,"0"
3947,"0"
3948,"0"
3949,"0"
3950,"0"
3951,"0"
3952,"0"
3953,"1"
3954,"1"
3955,"1"
3956,"1"
3957,"0"
3958,"0"
3959,"0"
3960,"1"
3961,"0"
3962,"0"
3963,"0"
3964,"1"
3965,"1"
3966,"0"
3967,"0"
3968,"0"
3969,"0"
3970,"0"
3971,"0"
3972,"1"
3973,"1"
3974,"0"
3975,"0"
3976,"1"
3977,"1"
3978,"0"
3979,"1"
3980,"0"
3981,"1"
3982,"1"
3983,"0"
3984,"0"
3985,"0"
3986,"0"
3987,"1"
3988,"0"
3989,"1"
3990,"1"
3991,"0"
3992,"1"
3993,"0"
3994,"0"
3995,"0"
3996,"0"
3997,"0"
3998,"0"
3999,"0"
4000,"0"
4001,"1"
4002,"1"
4003,"1"
4004,"0"
4005,"0"
4006,"0"
4007,"0"
4008,"1"
4009,"0"
4010,"0"
4011,"0"
4012,"0"
4013,"1"
4014,"0"
4015,"0"
4016,"1"
4017,"0"
4018,"0"
4019,"0"
4020,"0"
4021,"0"
4022,"0"
4023,"0"
4024,"0"
4025,"1"
4026,"1"
4027,"0"
4028,"0"
4029,"1"
4030,"1"
4031,"0"
4032,"0"
4033,"1"
4034,"0"
4035,"0"
4036,"0"
4037,"0"
4038,"0"
4039,"0"
4040,"1"
4041,"1"
4042,"1"
4043,"0"
4044,"0"
4045,"0"
4046,"0"
4047,"1"
4048,"0"
4049,"1"
4050,"1"
4051,"0"
4052,"1"
4053,"0"
4054,"0"
4055,"1"
4056,"0"
4057,"0"
4058,"1"
4059,"0"
4060,"0"
4061,"0"
4062,"0"
4063,"0"
4064,"1"
4065,"0"
4066,"1"
4067,"0"
4068,"0"
4069,"0"
4070,"0"
4071,"0"
4072,"0"
4073,"0"
4074,"1"
4075,"0"
4076,"0"
4077,"0"
4078,"1"
4079,"0"
4080,"1"
4081,"0"
4082,"0"
4083,"1"
4084,"1"
4085,"0"
4086,"0"
4087,"1"
4088,"1"
4089,"0"
4090,"1"
4091,"0"
4092,"1"
4093,"1"
4094,"0"
4095,"1"
4096,"1"
4097,"0"
4098,"0"
4099,"0"
4100,"1"
4101,"1"
4102,"0"
4103,"0"
4104,"1"
4105,"1"
4106,"0"
4107,"0"
4108,"1"
4109,"0"
4110,"1"
4111,"1"
4112,"0"
4113,"0"
4114,"1"
4115,"0"
4116,"0"
4117,"0"
4118,"1"
4119,"1"
4120,"1"
4121,"0"
4122,"0"
4123,"1"
4124,"0"
4125,"1"
4126,"1"
4127,"1"
4128,"0"
4129,"0"
4130,"0"
4131,"1"
4132,"0"
4133,"0"
4134,"1"
4135,"0"
4136,"0"
4137,"0"
4138,"0"
4139,"0"
4140,"0"
4141,"1"
4142,"1"
4143,"1"
4144,"0"
4145,"1"
4146,"0"
4147,"1"
4148,"0"
4149,"0"
4150,"0"
4151,"0"
4152,"1"
4153,"0"
4154,"0"
4155,"0"
4156,"0"
4157,"0"
4158,"0"
4159,"0"
4160,"0"
4161,"0"
4162,"0"
4163,"0"
4164,"0"
4165,"0"
4166,"1"
4167,"0"
4168,"1"
4169,"1"
4170,"0"
4171,"0"
4172,"0"
4173,"0"
4174,"1"
4175,"0"
4176,"1"
4177,"0"
4178,"1"
4179,"0"
4180,"0"
4181,"0"
4182,"0"
4183,"0"
4184,"0"
4185,"0"
4186,"0"
4187,"1"
4188,"1"
4189,"0"
4190,"0"
4191,"1"
4192,"0"
4193,"0"
4194,"0"
4195,"1"
4196,"0"
4197,"1"
4198,"1"
4199,"1"
4200,"0"
4201,"1"
4202,"0"
4203,"1"
4204,"0"
4205,"0"
4206,"0"
4207,"0"
4208,"1"
4209,"0"
4210,"0"
4211,"0"
4212,"0"
4213,"0"
4214,"0"
4215,"0"
4216,"0"
4217,"1"
4218,"0"
4219,"0"
4220,"0"
4221,"0"
4222,"0"
4223,"0"
4224,"0"
4225,"0"
4226,"1"
4227,"1"
4228,"1"
4229,"1"
4230,"0"
4231,"0"
4232,"0"
4233,"1"
4234,"0"
4235,"1"
4236,"1"
4237,"0"
4238,"1"
4239,"0"
4240,"0"
4241,"1"
4242,"0"
4243,"1"
4244,"1"
4245,"0"
4246,"1"
4247,"0"
4248,"1"
4249,"0"
4250,"1"
4251,"1"
4252,"0"
4253,"0"
4254,"1"
4255,"1"
4256,"0"
4257,"0"
4258,"0"
4259,"0"
4260,"0"
4261,"0"
4262,"1"
4263,"0"
4264,"0"
4265,"0"
4266,"0"
4267,"1"
4268,"1"
4269,"0"
4270,"0"
4271,"1"
4272,"0"
4273,"1"
4274,"1"
4275,"0"
4276,"0"
4277,"0"
4278,"1"
4279,"0"
4280,"0"
4281,"0"
4282,"1"
4283,"1"
4284,"1"
4285,"1"
4286,"0"
4287,"0"
4288,"0"
4289,"0"
4290,"0"
4291,"0"
4292,"1"
4293,"0"
4294,"0"
4295,"0"
4296,"1"
4297,"0"
4298,"0"
4299,"0"
4300,"0"
4301,"0"
4302,"0"
4303,"0"
4304,"1"
4305,"1"
4306,"0"
4307,"0"
4308,"0"
4309,"1"
4310,"0"
4311,"0"
4312,"0"
4313,"0"
4314,"0"
4315,"1"
4316,"1"
4317,"1"
4318,"0"
4319,"1"
4320,"0"
4321,"0"
4322,"1"
4323,"0"
4324,"0"
4325,"1"
4326,"0"
4327,"1"
4328,"0"
4329,"0"
4330,"0"
4331,"1"
4332,"0"
4333,"0"
4334,"0"
4335,"1"
4336,"0"
4337,"1"
4338,"0"
4339,"0"
4340,"1"
4341,"0"
4342,"0"
4343,"0"
4344,"0"
4345,"0"
4346,"0"
4347,"0"
4348,"1"
4349,"1"
4350,"0"
4351,"0"
4352,"0"
4353,"0"
4354,"0"
4355,"0"
4356,"1"
4357,"0"
4358,"0"
4359,"0"
4360,"1"
4361,"1"
4362,"0"
4363,"0"
4364,"0"
4365,"0"
4366,"0"
4367,"0"
4368,"1"
4369,"1"
4370,"0"
4371,"1"
4372,"1"
4373,"0"
4374,"1"
4375,"0"
4376,"1"
4377,"1"
4378,"0"
4379,"0"
4380,"1"
4381,"0"
4382,"0"
4383,"0"
4384,"0"
4385,"0"
4386,"0"
4387,"0"
4388,"0"
4389,"0"
4390,"0"
4391,"1"
4392,"0"
4393,"0"
4394,"0"
4395,"0"
4396,"0"
4397,"0"
4398,"0"
4399,"1"
4400,"0"
4401,"0"
4402,"0"
4403,"0"
4404,"1"
4405,"0"
4406,"1"
4407,"1"
4408,"0"
4409,"0"
4410,"0"
4411,"0"
4412,"1"
4413,"0"
4414,"1"
4415,"0"
4416,"1"
4417,"0"
4418,"1"
4419,"0"
4420,"0"
4421,"0"
4422,"1"
4423,"0"
4424,"0"
4425,"1"
4426,"0"
4427,"0"
4428,"1"
4429,"0"
4430,"0"
4431,"0"
4432,"1"
4433,"0"
4434,"0"
4435,"0"
4436,"0"
4437,"0"
4438,"0"
4439,"0"
4440,"0"
4441,"0"
4442,"1"
4443,"0"
4444,"1"
4445,"0"
4446,"0"
4447,"1"
4448,"1"
4449,"1"
4450,"0"
4451,"0"
4452,"0"
4453,"0"
4454,"0"
4455,"1"
4456,"0"
4457,"0"
4458,"0"
4459,"0"
4460,"0"
4461,"0"
4462,"0"
4463,"0"
4464,"0"
4465,"0"
4466,"0"
4467,"0"
4468,"0"
4469,"0"
4470,"0"
4471,"1"
4472,"0"
4473,"0"
4474,"0"
4475,"0"
4476,"0"
4477,"0"
4478,"0"
4479,"0"
4480,"0"
4481,"0"
4482,"0"
4483,"1"
4484,"0"
4485,"0"
4486,"1"
4487,"0"
4488,"0"
4489,"1"
4490,"0"
4491,"1"
4492,"0"
4493,"0"
4494,"1"
4495,"0"
4496,"0"
4497,"0"
4498,"0"
4499,"0"
4500,"0"
4501,"0"
4502,"0"
4503,"1"
4504,"1"
4505,"0"
4506,"0"
4507,"1"
4508,"0"
4509,"1"
4510,"0"
4511,"0"
4512,"1"
4513,"0"
4514,"1"
4515,"0"
4516,"0"
4517,"0"
4518,"1"
4519,"0"
4520,"0"
4521,"0"
4522,"0"
4523,"0"
4524,"0"
4525,"0"
4526,"0"
4527,"0"
4528,"0"
4529,"0"
4530,"1"
4531,"0"
4532,"0"
4533,"1"
4534,"0"
4535,"0"
4536,"0"
4537,"1"
4538,"1"
4539,"1"
4540,"1"
4541,"0"
4542,"0"
4543,"0"
4544,"0"
4545,"1"
4546,"0"
4547,"0"
4548,"0"
4549,"0"
4550,"1"
4551,"0"
4552,"1"
4553,"0"
4554,"0"
4555,"1"
4556,"0"
4557,"0"
4558,"1"
4559,"1"
4560,"0"
4561,"1"
4562,"1"
4563,"0"
4564,"1"
4565,"1"
4566,"0"
4567,"1"
4568,"0"
4569,"0"
4570,"0"
4571,"1"
4572,"0"
4573,"0"
4574,"0"
4575,"0"
4576,"1"
4577,"0"
4578,"0"
4579,"0"
4580,"0"
4581,"0"
4582,"1"
4583,"0"
4584,"0"
4585,"0"
4586,"1"
4587,"1"
4588,"0"
4589,"1"
4590,"0"
4591,"0"
4592,"1"
4593,"0"
4594,"1"
4595,"0"
4596,"0"
4597,"1"
4598,"0"
4599,"1"
4600,"0"
4601,"1"
4602,"1"
4603,"1"
4604,"0"
4605,"0"
4606,"0"
4607,"0"
4608,"1"
4609,"0"
4610,"0"
4611,"1"
4612,"1"
4613,"0"
4614,"0"
4615,"1"
4616,"1"
4617,"0"
4618,"0"
4619,"1"
4620,"0"
4621,"0"
4622,"0"
4623,"0"
4624,"0"
4625,"1"
4626,"0"
4627,"1"
4628,"0"
4629,"0"
4630,"0"
4631,"0"
4632,"0"
4633,"0"
4634,"0"
4635,"1"
4636,"0"
4637,"0"
4638,"0"
4639,"0"
4640,"1"
4641,"0"
4642,"1"
4643,"1"
4644,"1"
4645,"1"
4646,"0"
4647,"0"
4648,"0"
4649,"0"
4650,"0"
4651,"0"
4652,"0"
4653,"1"
4654,"0"
4655,"0"
4656,"0"
4657,"1"
4658,"0"
4659,"0"
4660,"1"
4661,"0"
4662,"0"
4663,"1"
4664,"1"
4665,"0"
4666,"0"
4667,"0"
4668,"0"
4669,"0"
4670,"0"
4671,"1"
4672,"0"
4673,"0"
4674,"1"
4675,"1"
4676,"1"
4677,"0"
4678,"0"
4679,"0"
4680,"1"
4681,"0"
4682,"1"
4683,"1"
4684,"0"
4685,"0"
4686,"0"
4687,"1"
4688,"0"
4689,"0"
4690,"0"
4691,"0"
4692,"0"
4693,"1"
4694,"1"
4695,"0"
4696,"1"
4697,"0"
4698,"0"
4699,"0"
4700,"1"
4701,"0"
4702,"0"
4703,"0"
4704,"0"
4705,"1"
4706,"0"
4707,"0"
4708,"1"
4709,"1"
4710,"1"
4711,"0"
4712,"1"
4713,"0"
4714,"0"
4715,"0"
4716,"0"
4717,"0"
4718,"1"
4719,"1"
4720,"0"
4721,"0"
4722,"0"
4723,"1"
4724,"0"
4725,"1"
4726,"0"
4727,"0"
4728,"1"
4729,"0"
4730,"1"
4731,"0"
4732,"1"
4733,"0"
4734,"0"
4735,"0"
4736,"0"
4737,"0"
4738,"0"
4739,"0"
4740,"0"
4741,"0"
4742,"0"
4743,"1"
4744,"0"
4745,"0"
4746,"0"
4747,"1"
4748,"0"
4749,"0"
4750,"1"
4751,"1"
4752,"0"
4753,"0"
4754,"0"
4755,"0"
4756,"1"
4757,"1"
4758,"1"
4759,"0"
4760,"0"
4761,"0"
4762,"1"
4763,"0"
4764,"0"
4765,"0"
4766,"0"
4767,"0"
4768,"0"
4769,"0"
4770,"0"
4771,"0"
4772,"0"
4773,"1"
4774,"1"
4775,"0"
4776,"0"
4777,"0"
4778,"0"
4779,"0"
4780,"0"
4781,"1"
4782,"1"
4783,"0"
4784,"0"
4785,"0"
4786,"0"
4787,"1"
4788,"0"
4789,"0"
4790,"0"
4791,"0"
4792,"0"
4793,"1"
4794,"0"
4795,"1"
4796,"0"
4797,"0"
4798,"1"
4799,"0"
4800,"0"
4801,"0"
4802,"0"
4803,"0"
4804,"0"
4805,"0"
4806,"0"
4807,"0"
4808,"0"
4809,"0"
4810,"0"
4811,"1"
4812,"1"
4813,"0"
4814,"1"
4815,"0"
4816,"0"
4817,"0"
4818,"1"
4819,"0"
4820,"0"
4821,"1"
4822,"0"
4823,"0"
4824,"0"
4825,"0"
4826,"0"
4827,"1"
4828,"1"
4829,"1"
4830,"0"
4831,"0"
4832,"0"
4833,"0"
4834,"1"
4835,"1"
4836,"0"
4837,"0"
4838,"1"
4839,"0"
4840,"0"
4841,"1"
4842,"0"
4843,"0"
4844,"1"
4845,"0"
4846,"1"
4847,"0"
4848,"1"
4849,"0"
4850,"0"
4851,"0"
4852,"0"
4853,"0"
4854,"0"
4855,"0"
4856,"1"
4857,"0"
4858,"0"
4859,"0"
4860,"0"
4861,"1"
4862,"1"
4863,"0"
4864,"0"
4865,"0"
4866,"0"
4867,"0"
4868,"1"
4869,"0"
4870,"0"
4871,"0"
4872,"0"
4873,"0"
4874,"0"
4875,"0"
4876,"0"
4877,"0"
4878,"0"
4879,"1"
4880,"0"
4881,"1"
4882,"0"
4883,"0"
4884,"0"
4885,"0"
4886,"0"
4887,"1"
4888,"0"
4889,"0"
4890,"0"
4891,"1"
4892,"0"
4893,"1"
4894,"0"
4895,"0"
4896,"0"
4897,"0"
4898,"0"
4899,"0"
4900,"0"
4901,"0"
4902,"1"
4903,"0"
4904,"0"
4905,"1"
4906,"0"
4907,"0"
4908,"0"
4909,"1"
4910,"1"
4911,"0"
4912,"0"
4913,"0"
4914,"0"
4915,"0"
4916,"0"
4917,"0"
4918,"0"
4919,"0"
4920,"0"
4921,"1"
4922,"1"
4923,"1"
4924,"0"
4925,"0"
4926,"1"
4927,"0"
4928,"0"
4929,"0"
4930,"0"
4931,"0"
4932,"0"
4933,"0"
4934,"1"
4935,"1"
4936,"0"
4937,"1"
4938,"1"
4939,"0"
4940,"0"
4941,"0"
4942,"0"
4943,"0"
4944,"1"
4945,"1"
4946,"0"
4947,"0"
4948,"0"
4949,"1"
4950,"0"
4951,"0"
4952,"0"
4953,"0"
4954,"0"
4955,"1"
4956,"1"
4957,"1"
4958,"0"
4959,"0"
4960,"0"
4961,"1"
4962,"0"
4963,"0"
4964,"0"
4965,"0"
4966,"0"
4967,"0"
4968,"0"
4969,"0"
4970,"0"
4971,"0"
4972,"0"
4973,"0"
4974,"1"
4975,"0"
4976,"0"
4977,"1"
4978,"0"
4979,"0"
4980,"0"
4981,"0"
4982,"0"
4983,"0"
4984,"0"
4985,"0"
4986,"1"
4987,"0"
4988,"0"
4989,"1"
4990,"1"
4991,"1"
4992,"0"
4993,"0"
4994,"0"
4995,"0"
4996,"1"
4997,"1"
4998,"1"
4999,"1"
5000,"0"
5001,"1"
5002,"0"
5003,"0"
5004,"0"
5005,"1"
5006,"0"
5007,"0"
5008,"0"
5009,"0"
5010,"0"
5011,"0"
5012,"0"
5013,"1"
5014,"0"
5015,"1"
5016,"0"
5017,"0"
5018,"0"
5019,"0"
5020,"1"
5021,"0"
5022,"0"
5023,"0"
5024,"0"
5025,"1"
5026,"0"
5027,"0"
5028,"0"
5029,"1"
5030,"1"
5031,"0"
5032,"1"
5033,"1"
5034,"1"
5035,"0"
5036,"0"
5037,"0"
5038,"0"
5039,"0"
5040,"0"
5041,"1"
5042,"0"
5043,"0"
5044,"0"
5045,"0"
5046,"0"
5047,"0"
5048,"0"
5049,"0"
5050,"0"
5051,"0"
5052,"0"
5053,"1"
5054,"0"
5055,"1"
5056,"0"
5057,"1"
5058,"1"
5059,"0"
5060,"1"
5061,"0"
5062,"0"
5063,"1"
5064,"0"
5065,"1"
5066,"0"
5067,"0"
5068,"0"
5069,"0"
5070,"1"
5071,"1"
5072,"0"
5073,"0"
5074,"0"
5075,"0"
5076,"0"
5077,"0"
5078,"0"
5079,"0"
5080,"0"
5081,"1"
5082,"0"
5083,"0"
5084,"1"
5085,"0"
5086,"0"
5087,"0"
5088,"0"
5089,"0"
5090,"0"
5091,"1"
5092,"1"
5093,"0"
5094,"0"
5095,"1"
5096,"0"
5097,"0"
5098,"0"
5099,"1"
5100,"0"
5101,"0"
5102,"0"
5103,"1"
5104,"1"
5105,"0"
5106,"0"
5107,"1"
5108,"0"
5109,"0"
5110,"1"
5111,"0"
5112,"0"
5113,"0"
5114,"0"
5115,"0"
5116,"0"
5117,"0"
5118,"0"
5119,"0"
5120,"0"
5121,"0"
5122,"1"
5123,"1"
5124,"0"
5125,"0"
5126,"0"
5127,"0"
5128,"0"
5129,"1"
5130,"1"
5131,"0"
5132,"0"
5133,"0"
5134,"1"
5135,"0"
5136,"0"
5137,"1"
5138,"0"
5139,"0"
5140,"1"
5141,"0"
5142,"0"
5143,"0"
5144,"0"
5145,"0"
5146,"0"
5147,"1"
5148,"1"
5149,"1"
5150,"0"
5151,"0"
5152,"0"
5153,"0"
5154,"1"
5155,"0"
5156,"0"
5157,"0"
5158,"0"
5159,"1"
5160,"1"
5161,"0"
5162,"0"
5163,"0"
5164,"0"
5165,"0"
5166,"0"
5167,"1"
5168,"0"
5169,"1"
5170,"1"
5171,"1"
5172,"1"
5173,"1"
5174,"0"
5175,"1"
5176,"0"
5177,"0"
5178,"0"
5179,"0"
5180,"0"
5181,"0"
5182,"1"
5183,"1"
5184,"0"
5185,"1"
5186,"0"
5187,"0"
5188,"0"
5189,"1"
5190,"1"
5191,"0"
5192,"0"
5193,"0"
5194,"0"
5195,"0"
5196,"0"
5197,"0"
5198,"0"
5199,"0"
5200,"0"
5201,"0"
5202,"0"
5203,"0"
5204,"0"
5205,"0"
5206,"0"
5207,"0"
5208,"1"
5209,"0"
5210,"1"
5211,"0"
5212,"0"
5213,"1"
5214,"0"
5215,"0"
5216,"1"
5217,"1"
5218,"0"
5219,"0"
5220,"1"
5221,"1"
5222,"0"
5223,"0"
5224,"0"
5225,"0"
5226,"1"
5227,"0"
5228,"0"
5229,"0"
5230,"0"
5231,"0"
5232,"1"
5233,"1"
5234,"0"
5235,"1"
5236,"0"
5237,"0"
5238,"1"
5239,"0"
5240,"1"
5241,"0"
5242,"0"
5243,"0"
5244,"0"
5245,"1"
5246,"1"
5247,"0"
5248,"0"
5249,"0"
5250,"0"
5251,"1"
5252,"1"
5253,"1"
5254,"1"
5255,"0"
5256,"0"
5257,"0"
5258,"0"
5259,"1"
5260,"0"
5261,"1"
5262,"0"
5263,"1"
5264,"0"
5265,"0"
5266,"1"
5267,"0"
5268,"0"
5269,"1"
5270,"0"
5271,"0"
5272,"1"
5273,"1"
5274,"0"
5275,"0"
5276,"1"
5277,"0"
5278,"0"
5279,"1"
5280,"1"
5281,"0"
5282,"0"
5283,"0"
5284,"1"
5285,"0"
5286,"1"
5287,"0"
5288,"1"
5289,"0"
5290,"0"
5291,"0"
5292,"1"
5293,"1"
5294,"1"
5295,"0"
5296,"0"
5297,"1"
5298,"1"
5299,"0"
5300,"0"
5301,"0"
5302,"0"
5303,"0"
5304,"1"
5305,"0"
5306,"0"
5307,"1"
5308,"1"
5309,"0"
5310,"0"
5311,"0"
5312,"0"
5313,"1"
5314,"0"
5315,"1"
5316,"0"
5317,"0"
5318,"0"
5319,"0"
5320,"1"
5321,"0"
5322,"1"
5323,"0"
5324,"0"
5325,"1"
5326,"0"
5327,"0"
5328,"1"
5329,"0"
5330,"0"
5331,"0"
5332,"0"
5333,"0"
5334,"0"
5335,"0"
5336,"0"
5337,"0"
5338,"0"
5339,"1"
5340,"0"
5341,"1"
5342,"0"
5343,"1"
5344,"1"
5345,"1"
5346,"1"
5347,"0"
5348,"0"
5349,"0"
5350,"0"
5351,"0"
5352,"0"
5353,"0"
5354,"1"
5355,"1"
5356,"0"
5357,"0"
5358,"1"
5359,"0"
5360,"0"
5361,"0"
5362,"0"
5363,"0"
5364,"1"
5365,"1"
5366,"0"
5367,"1"
5368,"0"
5369,"0"
5370,"1"
5371,"0"
5372,"0"
5373,"0"
5374,"1"
5375,"1"
5376,"1"
5377,"0"
5378,"0"
5379,"1"
5380,"1"
5381,"0"
5382,"0"
5383,"1"
5384,"0"
5385,"0"
5386,"0"
5387,"1"
5388,"0"
5389,"0"
5390,"0"
5391,"0"
5392,"1"
5393,"1"
5394,"0"
5395,"0"
5396,"1"
5397,"0"
5398,"0"
5399,"1"
5400,"1"
5401,"1"
5402,"1"
5403,"1"
5404,"0"
5405,"0"
5406,"0"
5407,"0"
5408,"0"
5409,"0"
5410,"0"
5411,"0"
5412,"1"
5413,"1"
5414,"1"
5415,"0"
5416,"0"
5417,"0"
5418,"0"
5419,"0"
5420,"0"
5421,"1"
5422,"0"
5423,"0"
5424,"0"
5425,"1"
5426,"0"
5427,"1"
5428,"0"
5429,"1"
5430,"0"
5431,"0"
5432,"0"
5433,"0"
5434,"0"
5435,"1"
5436,"1"
5437,"0"
5438,"0"
5439,"0"
5440,"0"
5441,"0"
5442,"0"
5443,"0"
5444,"0"
5445,"0"
5446,"1"
5447,"1"
5448,"1"
5449,"0"
5450,"0"
5451,"0"
5452,"1"
5453,"0"
5454,"0"
5455,"1"
5456,"0"
5457,"0"
5458,"1"
5459,"0"
5460,"1"
5461,"1"
5462,"0"
5463,"0"
5464,"0"
5465,"1"
5466,"0"
5467,"0"
5468,"0"
5469,"1"
5470,"0"
5471,"0"
5472,"0"
5473,"1"
5474,"0"
5475,"0"
5476,"0"
5477,"0"
5478,"0"
5479,"0"
5480,"0"
5481,"0"
5482,"0"
5483,"0"
5484,"1"
5485,"0"
5486,"1"
5487,"0"
5488,"0"
5489,"0"
5490,"0"
5491,"1"
5492,"1"
5493,"1"
5494,"0"
5495,"0"
5496,"1"
5497,"1"
5498,"1"
5499,"0"
5500,"0"
5501,"0"
5502,"0"
5503,"1"
5504,"1"
5505,"0"
5506,"1"
5507,"0"
5508,"0"
5509,"1"
5510,"0"
5511,"0"
5512,"1"
5513,"0"
5514,"0"
5515,"0"
5516,"0"
5517,"1"
5518,"0"
5519,"0"
5520,"1"
5521,"0"
5522,"1"
5523,"1"
5524,"0"
5525,"0"
5526,"0"
5527,"0"
5528,"1"
5529,"0"
5530,"0"
5531,"0"
5532,"1"
5533,"0"
5534,"1"
5535,"0"
5536,"1"
5537,"1"
5538,"1"
5539,"0"
5540,"1"
5541,"1"
5542,"0"
5543,"0"
5544,"0"
5545,"0"
5546,"1"
5547,"1"
5548,"0"
5549,"0"
5550,"1"
5551,"0"
5552,"0"
5553,"0"
5554,"0"
5555,"0"
5556,"1"
5557,"1"
5558,"1"
5559,"0"
5560,"0"
5561,"0"
5562,"1"
5563,"0"
5564,"0"
5565,"0"
5566,"0"
5567,"1"
5568,"0"
5569,"0"
5570,"0"
5571,"0"
5572,"0"
5573,"0"
5574,"0"
5575,"1"
5576,"0"
5577,"1"
5578,"1"
5579,"0"
5580,"1"
5581,"0"
5582,"0"
5583,"0"
5584,"0"
5585,"0"
5586,"0"
5587,"0"
5588,"0"
5589,"0"
5590,"1"
5591,"0"
5592,"0"
5593,"0"
5594,"1"
5595,"0"
5596,"1"
5597,"1"
5598,"1"
5599,"0"
5600,"0"
5601,"1"
5602,"0"
5603,"0"
5604,"0"
5605,"0"
5606,"0"
5607,"0"
5608,"1"
5609,"0"
5610,"1"
5611,"0"
5612,"0"
5613,"0"
5614,"0"
5615,"1"
5616,"0"
5617,"0"
5618,"0"
5619,"1"
5620,"1"
5621,"0"
5622,"0"
5623,"1"
5624,"0"
5625,"0"
5626,"0"
5627,"0"
5628,"0"
5629,"1"
5630,"0"
5631,"1"
5632,"0"
5633,"0"
5634,"0"
5635,"1"
5636,"0"
5637,"0"
5638,"0"
5639,"0"
5640,"0"
5641,"1"
5642,"1"
5643,"0"
5644,"1"
5645,"0"
5646,"0"
5647,"0"
5648,"0"
5649,"1"
5650,"0"
5651,"1"
5652,"0"
5653,"1"
5654,"0"
5655,"1"
5656,"0"
5657,"0"
5658,"0"
5659,"0"
5660,"0"
5661,"1"
5662,"0"
5663,"1"
5664,"0"
5665,"0"
5666,"0"
5667,"1"
5668,"0"
5669,"0"
5670,"0"
5671,"0"
5672,"1"
5673,"1"
5674,"0"
5675,"0"
5676,"0"
5677,"1"
5678,"1"
5679,"1"
5680,"0"
5681,"0"
5682,"0"
5683,"0"
5684,"1"
5685,"0"
5686,"0"
5687,"1"
5688,"1"
5689,"1"
5690,"0"
5691,"1"
5692,"0"
5693,"0"
5694,"1"
5695,"0"
5696,"1"
5697,"0"
5698,"1"
5699,"0"
5700,"0"
5701,"1"
5702,"0"
5703,"0"
5704,"0"
5705,"0"
5706,"1"
5707,"0"
5708,"0"
5709,"0"
5710,"1"
5711,"1"
5712,"1"
5713,"0"
5714,"1"
5715,"0"
5716,"0"
5717,"0"
5718,"1"
5719,"1"
5720,"0"
5721,"1"
5722,"0"
5723,"0"
5724,"0"
5725,"0"
5726,"0"
5727,"0"
5728,"0"
5729,"0"
5730,"0"
5731,"1"
5732,"0"
5733,"0"
5734,"0"
5735,"0"
5736,"1"
5737,"0"
5738,"1"
5739,"0"
5740,"0"
5741,"1"
5742,"0"
5743,"0"
5744,"0"
5745,"0"
5746,"0"
5747,"0"
5748,"0"
5749,"0"
5750,"0"
5751,"0"
5752,"0"
5753,"0"
5754,"1"
5755,"1"
5756,"1"
5757,"0"
5758,"0"
5759,"0"
5760,"0"
5761,"0"
5762,"1"
5763,"1"
5764,"1"
5765,"1"
5766,"0"
5767,"1"
5768,"0"
5769,"0"
5770,"1"
5771,"0"
5772,"0"
5773,"0"
5774,"0"
5775,"0"
5776,"0"
5777,"0"
5778,"1"
5779,"0"
5780,"1"
5781,"0"
5782,"0"
5783,"1"
5784,"0"
5785,"0"
5786,"0"
5787,"0"
5788,"0"
5789,"1"
5790,"0"
5791,"0"
5792,"1"
5793,"1"
5794,"0"
5795,"1"
5796,"0"
5797,"1"
5798,"1"
5799,"0"
5800,"1"
5801,"0"
5802,"0"
5803,"0"
5804,"0"
5805,"0"
5806,"0"
5807,"0"
5808,"0"
5809,"0"
5810,"0"
5811,"1"
5812,"1"
5813,"0"
5814,"1"
5815,"1"
5816,"0"
5817,"1"
5818,"1"
5819,"0"
5820,"1"
5821,"1"
5822,"0"
5823,"1"
5824,"1"
5825,"1"
5826,"1"
5827,"0"
5828,"0"
5829,"0"
5830,"0"
5831,"0"
5832,"0"
5833,"0"
5834,"1"
5835,"0"
5836,"0"
5837,"1"
5838,"0"
5839,"0"
5840,"0"
5841,"0"
5842,"1"
5843,"1"
5844,"0"
5845,"0"
5846,"0"
5847,"0"
5848,"0"
5849,"0"
5850,"0"
5851,"0"
5852,"0"
5853,"1"
5854,"0"
5855,"0"
5856,"1"
5857,"0"
5858,"1"
5859,"1"
5860,"0"
5861,"0"
5862,"1"
5863,"1"
5864,"0"
5865,"0"
5866,"0"
5867,"1"
5868,"0"
5869,"0"
5870,"0"
5871,"1"
5872,"0"
5873,"1"
5874,"1"
5875,"0"
5876,"0"
5877,"0"
5878,"0"
5879,"0"
5880,"0"
5881,"1"
5882,"1"
5883,"0"
5884,"0"
5885,"0"
5886,"0"
5887,"0"
5888,"0"
5889,"1"
5890,"0"
5891,"0"
5892,"0"
5893,"1"
5894,"0"
5895,"0"
5896,"1"
5897,"0"
5898,"0"
5899,"0"
5900,"1"
5901,"0"
5902,"0"
5903,"1"
5904,"0"
5905,"0"
5906,"1"
5907,"1"
5908,"0"
5909,"0"
5910,"1"
5911,"0"
5912,"0"
5913,"0"
5914,"0"
5915,"0"
5916,"0"
5917,"0"
5918,"0"
5919,"0"
5920,"1"
5921,"1"
5922,"1"
5923,"0"
5924,"0"
5925,"0"
5926,"1"
5927,"1"
5928,"0"
5929,"0"
5930,"1"
5931,"0"
5932,"0"
5933,"0"
5934,"0"
5935,"1"
5936,"1"
5937,"0"
5938,"0"
5939,"0"
5940,"1"
5941,"0"
5942,"0"
5943,"0"
5944,"1"
5945,"0"
5946,"0"
5947,"1"
5948,"1"
5949,"0"
5950,"0"
5951,"0"
5952,"1"
5953,"0"
5954,"0"
5955,"0"
5956,"0"
5957,"0"
5958,"1"
5959,"1"
5960,"0"
5961,"0"
5962,"1"
5963,"0"
5964,"1"
5965,"0"
5966,"0"
5967,"0"
5968,"1"
5969,"0"
5970,"0"
5971,"0"
5972,"1"
5973,"1"
5974,"0"
5975,"1"
5976,"0"
5977,"0"
5978,"0"
5979,"0"
5980,"0"
5981,"0"
5982,"0"
5983,"0"
5984,"0"
5985,"0"
5986,"0"
5987,"1"
5988,"0"
5989,"0"
5990,"0"
5991,"0"
5992,"1"
5993,"1"
5994,"0"
5995,"1"
5996,"1"
5997,"1"
5998,"0"
5999,"1"
6000,"1"
